Reference Number,Grid Ref: Easting,Grid Ref: Northing,Number of Vehicles,Accident Date,Time (24hr),1st Road Class,Road Surface,Lighting Conditions,Weather Conditions,Type of Vehicle 1,Casualty Class 1,Casualty Severity 1,Sex of Casualty 1,Age of Casualty 1,Type of Vehicle 2,Casualty Class 2,Casualty Severity 2,Sex of Casualty 2,Age of Casualty 2,Type of Vehicle 3,Casualty Class 3,Casualty Severity 3,Sex of Casualty 3,Age of Casualty 3,Type of Vehicle 4,Casualty Class 4,Casualty Severity 4,Sex of Casualty 4,Age of Casualty 4,Type of Vehicle 5,Casualty Class 5,Casualty Severity 5,Sex of Casualty 5,Age of Casualty 5,Type of Vehicle 6,Casualty Class 6,Casualty Severity 6,Sex of Casualty 6,Age of Casualty 6,Type of Vehicle 7,Casualty Class 7,Casualty Severity 7,Sex of Casualty 7,Age of Casualty 7
6140231,398364,418232,1,43469,701,A,Dry,Darkness: no street lighting,Fine without high winds,Car,Driver or rider,Serious,Male,19,,,,,,,,,,,,,,,,,,,,,,,,,,,,,,
6142035,407438,426457,1,43469,2308,Unclassified,Dry,Darkness: street lights present and lit,Fine without high winds,Car,Driver or rider,Serious,Male,36,,Vehicle or pillion passenger,Serious,Male,26,,Vehicle or pillion passenger,Serious,Male,20,,,,,,,,,,,,,,,,,,,,
6170291,409015,425004,1,43472,838,Unclassified,Dry,Daylight: street lights present,Fine without high winds,Bus or coach (17 or more passenger seats),Pedestrian,Slight,Male,18,,,,,,,,,,,,,,,,,,,,,,,,,,,,,,
6180214,409646,422315,2,43473,705,A,Dry,Daylight: street lights present,Fine without high winds,Car,Driver or rider,Slight,Female,53,Car,not known,not known,not known,not known,,,,,,,,,,,,,,,,,,,,,,,,,
6191021,407754,428825,1,43474,1515,Unclassified,Dry,Daylight: street lights present,Fine without high winds,Car,Pedestrian,Slight,Male,23,,,,,,,,,,,,,,,,,,,,,,,,,,,,,,
61A0879,408793,425456,2,43475,1424,Unclassified,Dry,Daylight: street lights present,Fine without high winds,Bus or coach (17 or more passenger seats),Vehicle or pillion passenger,Slight,Female,64,Car,Vehicle or pillion passenger,Slight,Female,42,,,,,,,,,,,,,,,,,,,,,,,,,
61B0200,412455,425779,2,43476,550,Unclassified,Dry,Darkness: street lights present and lit,Fine without high winds,Car,Driver or rider,Serious,Male,47,Motorcycle over 50cc and up to 125cc,not known,not known,not known,not known,,,,,,,,,,,,,,,,,,,,,,,,,
61B0239,411295,422179,5,43476,700,A,Dry,Darkness: street lights present and lit,Fine without high winds,Goods vehicle 3.5 tonnes mgw and under,Driver or rider,Slight,Male,51,Car,not known,not known,not known,not known,Car,not known,not known,not known,not known,Car,not known,not known,not known,not known,Car,not known,not known,not known,not known,,,,,,,,,,
61B0317,414107,424986,1,43476,826,Unclassified,Dry,Daylight: street lights present,Fine without high winds,Car,Pedestrian,Slight,Male,11,,,,,,,,,,,,,,,,,,,,,,,,,,,,,,
61C0968,399298,428044,2,43477,1445,Unclassified,Dry,Daylight: street lights present,Fine without high winds,Car,Vehicle or pillion passenger,Slight,Male,43,Car,not known,not known,not known,not known,,,,,,,,,,,,,,,,,,,,,,,,,
61D1303,398423,414772,4,43478,1735,Motorway,Wet / Damp,Darkness: street lights present and lit,Raining with high winds,Car,Vehicle or pillion passenger,Slight,Female,47,Car,not known,not known,not known,not known,Car,not known,not known,not known,not known,Car,not known,not known,not known,not known,,,,,,,,,,,,,,,
61D1457,416483,422141,2,43478,1905,Motorway,Wet / Damp,Darkness: street lights present and lit,Raining without high winds,Car,Driver or rider,Slight,Male,33,Car,not known,not known,not known,not known,,,,,,,,,,,,,,,,,,,,,,,,,
61F1116,403161,416145,1,43480,1530,Motorway,Dry,Daylight: street lights present,Fine without high winds,Car,Driver or rider,Slight,Male,17,,,,,,,,,,,,,,,,,,,,,,,,,,,,,,
61F1443,408010,426215,2,43480,1807,Unclassified,Dry,Darkness: street lights present and lit,Fine without high winds,Car,Driver or rider,Slight,Male,40,Taxi/Private hire car,Vehicle or pillion passenger,Slight,Female,52,,,,,,,,,,,,,,,,,,,,,,,,,
61G1372,401594,426001,1,43466,1630,A,Dry,Darkness: street lights present and lit,Fine without high winds,Car,Pedestrian,Serious,Female,75,,,,,,,,,,,,,,,,,,,,,,,,,,,,,,
61K0563,408211,424474,2,43485,1026,A,Dry,Daylight: street lights present,Fine without high winds,Car,Driver or rider,Slight,Female,20,Car,Vehicle or pillion passenger,Slight,Female,35,,Driver or rider,Slight,Male,68,,Vehicle or pillion passenger,Slight,Female,50,,,,,,,,,,,,,,,
61K0615,408935,426594,3,43485,1100,A,Dry,Daylight: street lights present,Fine without high winds,Car,Driver or rider,Slight,Male,64,Car,not known,not known,not known,not known,Car,not known,not known,not known,not known,,,,,,,,,,,,,,,,,,,,
61K0776,409148,425579,1,43485,230,A,Dry,Darkness: street lights present and lit,Fine without high winds,Taxi/Private hire car,Pedestrian,Slight,Female,28,,,,,,,,,,,,,,,,,,,,,,,,,,,,,,
61K1702,411426,420851,3,43485,2125,B,Wet / Damp,Darkness: street lights present and lit,Raining without high winds,Car,Driver or rider,Serious,Male,28,Car,Vehicle or pillion passenger,Serious,Male,19,Goods vehicle 3.5 tonnes mgw and under,Driver or rider,Slight,Female,26,,,,,,,,,,,,,,,,,,,,
61L0705,411885,427790,2,43486,1733,A,Wet / Damp,Darkness: street lights present and lit,Fine without high winds,Car,Driver or rider,Slight,Female,32,Car,not known,not known,not known,not known,,,,,,,,,,,,,,,,,,,,,,,,,
61L1354,407978,424009,2,43486,1757,Unclassified,Wet / Damp,Darkness: street lights present and lit,Raining with high winds,Car,Driver or rider,Serious,Male,25,Motorcycle over 50cc and up to 125cc,not known,not known,not known,not known,,,,,,,,,,,,,,,,,,,,,,,,,
61N1476,406969,426086,1,43488,1912,Unclassified,Frost / Ice,Darkness: street lights present and lit,Fine without high winds,Taxi/Private hire car,Vehicle or pillion passenger,Slight,Female,1,,,,,,,,,,,,,,,,,,,,,,,,,,,,,,
61O0426,403795,425035,2,43489,1032,A,Wet / Damp,Daylight: street lights present,Fine without high winds,Goods vehicle over 3.5 tonnes and under 7.5 tonnes mgw,Driver or rider,Slight,Male,36,Goods vehicle 3.5 tonnes mgw and under,not known,not known,not known,not known,,,,,,,,,,,,,,,,,,,,,,,,,
61P1120,409355,424954,4,43490,1517,Unclassified,Wet / Damp,Daylight: street lights present,Raining without high winds,Car,Driver or rider,Slight,Male,78,Car,Driver or rider,Slight,Female,53,Car,not known,not known,not known,not known,Car,not known,not known,not known,not known,,,,,,,,,,,,,,,
61Q1857,408957,424819,2,43491,2205,Unclassified,Wet / Damp,Darkness: street lights present and lit,Raining without high winds,Car,Driver or rider,Slight,Female,33,Car,Vehicle or pillion passenger,Slight,Male,42,,Vehicle or pillion passenger,Slight,Male,10,,,,,,,,,,,,,,,,,,,,
61S0883,404440,424170,3,43493,900,A,Wet / Damp,Daylight: street lights present,Fine without high winds,Car,Driver or rider,Slight,Male,49,Goods vehicle 3.5 tonnes mgw and under,not known,not known,not known,not known,Car,not known,not known,not known,not known,,,,,,,,,,,,,,,,,,,,
61S1100,415004,422855,1,43486,1500,A,Dry,Daylight: street lights present,Fine without high winds,Car,Pedestrian,Slight,Male,79,,,,,,,,,,,,,,,,,,,,,,,,,,,,,,
61T0050,393942,424186,2,43494,100,A,Dry,Daylight: street lights present,Fine without high winds,Taxi/Private hire car,Driver or rider,Slight,Male,43,Taxi/Private hire car,Vehicle or pillion passenger,Serious,Male,24,,,,,,,,,,,,,,,,,,,,,,,,,
6210481,409292,425056,2,43482,1800,Unclassified,Dry,Darkness: street lights present and lit,Fine without high winds,Car,Vehicle or pillion passenger,Serious,Male,40,Bus or coach (17 or more passenger seats),not known,not known,not known,not known,,,,,,,,,,,,,,,,,,,,,,,,,
6211089,407576,425892,2,43497,1450,Unclassified,Dry,Daylight: street lights present,Fine without high winds,Car,Driver or rider,Slight,Female,47,Car,not known,not known,not known,not known,,,,,,,,,,,,,,,,,,,,,,,,,
6211721,406898,426365,2,43497,2011,Unclassified,Wet / Damp,Darkness: street lights present and lit,Fine without high winds,Car,Driver or rider,Slight,Male,18,Car,not known,not known,not known,not known,,,,,,,,,,,,,,,,,,,,,,,,,
6250208,407617,424288,1,43501,540,Unclassified,Wet / Damp,Darkness: street lights present and lit,Fog or mist – if hazard,Taxi/Private hire car,Pedestrian,Slight,Male,38,,,,,,,,,,,,,,,,,,,,,,,,,,,,,,
6261810,407214,425140,2,43502,2031,Unclassified,Dry,Darkness: street lighting unknown,Fine without high winds,Car,Vehicle or pillion passenger,Slight,Female,26,Car,not known,not known,not known,not known,,,,,,,,,,,,,,,,,,,,,,,,,
6290966,408010,426215,2,43505,1225,Unclassified,Wet / Damp,Daylight: street lights present,Raining without high winds,Car,Driver or rider,Slight,Female,35,Car,Vehicle or pillion passenger,Slight,Male,6,,,,,,,,,,,,,,,,,,,,,,,,,
62A1096,392916,425011,1,43506,1605,A,Dry,Daylight: street lights present,Fine without high winds,Car,Pedestrian,Serious,Female,74,,,,,,,,,,,,,,,,,,,,,,,,,,,,,,
62B1233,407116,428622,1,43507,1510,Unclassified,Dry,Daylight: street lights present,Fine without high winds,Goods vehicle over 3.5 tonnes and under 7.5 tonnes mgw,Pedestrian,Slight,Female,32,,Pedestrian,Serious,Female,9,,,,,,,,,,,,,,,,,,,,,,,,,
62D0888,415278,422942,2,43509,1353,A,Dry,Daylight: street lights present,Fine without high winds,Car,Vehicle or pillion passenger,Slight,Female,41,Car,not known,not known,not known,not known,,,,,,,,,,,,,,,,,,,,,,,,,
62D2076,407820,424186,2,43509,2252,A,Wet / Damp,Darkness: street lights present and lit,Fine without high winds,Motorcycle - Unknown CC,Driver or rider,Serious,Female,29,Car,Vehicle or pillion passenger,Serious,Female,25,,Vehicle or pillion passenger,Serious,Female,17,,,,,,,,,,,,,,,,,,,,
62G0718,410849,420601,2,43512,1129,Unclassified,Dry,Daylight: street lights present,Fine without high winds,Car,Vehicle or pillion passenger,Slight,Female,63,Car,not known,not known,not known,not known,,,,,,,,,,,,,,,,,,,,,,,,,
62I0672,412443,426534,1,43514,1415,Unclassified,Dry,Daylight: street lights present,Fine without high winds,Agricultural vehicle (includes diggers etc.),Pedestrian,Slight,Male,86,,,,,,,,,,,,,,,,,,,,,,,,,,,,,,
62J1410,409592,424836,2,43515,1835,Unclassified,Dry,Darkness: street lights present and lit,Fine without high winds,Car,Driver or rider,Serious,Male,57,Car,not known,not known,not known,not known,,,,,,,,,,,,,,,,,,,,,,,,,
62L0952,411501,419651,2,43517,1400,Motorway,Dry,Daylight: street lights present,Fine without high winds,Goods vehicle 7.5 tonnes mgw and over,Driver or rider,Slight,Female,49,Car,not known,not known,not known,not known,,,,,,,,,,,,,,,,,,,,,,,,,
62M0769,415404,422502,1,43518,1230,Unclassified,Dry,Daylight: street lights present,Fine without high winds,Car,Pedestrian,Slight,Male,17,,,,,,,,,,,,,,,,,,,,,,,,,,,,,,
62M1225,412749,428958,7,43518,1650,A,Dry,Daylight: street lights present,Fine without high winds,Car,Driver or rider,Slight,Male,19,Car,Driver or rider,Slight,Male,42,Car,Driver or rider,Slight,Male,72,Car,Vehicle or pillion passenger,Slight,Female,66,Car,not known,not known,not known,not known,Car,not known,not known,not known,not known,Car,not known,not known,not known,not known
62M1698,398835,427224,2,43518,1755,Unclassified,Dry,Darkness: street lights present and lit,Fine without high winds,Car,Driver or rider,Slight,Male,15,Pedal cycle,not known,not known,not known,not known,,,,,,,,,,,,,,,,,,,,,,,,,
62O0181,397664,426659,1,43520,151,A,Dry,Darkness: street lights present and lit,Fine without high winds,Goods vehicle 3.5 tonnes mgw and under,Driver or rider,Serious,Male,45,,,,,,,,,,,,,,,,,,,,,,,,,,,,,,
62O0501,408130,427347,2,43520,810,A,Dry,Daylight: street lights present,Fine without high winds,Car,Driver or rider,Serious,Male,47,Pedal cycle,not known,not known,not known,not known,,,,,,,,,,,,,,,,,,,,,,,,,
62P0207,411040,420842,2,43521,559,A,Dry,Daylight: street lights present,Fine without high winds,Car,Driver or rider,Slight,Female,57,Bus or coach (17 or more passenger seats),not known,not known,not known,not known,,,,,,,,,,,,,,,,,,,,,,,,,
62Q1437,410076,421622,2,43525,550,A,Dry,Darkness: street lights present and lit,Fine without high winds,Car,Driver or rider,Slight,Male,27,Car,not known,not known,not known,not known,,,,,,,,,,,,,,,,,,,,,,,,,
6340638,404418,420701,2,43528,1148,A,Dry,Daylight: street lights present,Fine without high winds,Car,Driver or rider,Slight,Female,62,Car,not known,not known,not known,not known,,,,,,,,,,,,,,,,,,,,,,,,,
6340804,408391,426520,3,43528,1305,Unclassified,Dry,Daylight: street lights present,Fine without high winds,Car,Driver or rider,Slight,Female,46,Taxi/Private hire car,Driver or rider,Slight,Male,56,Car,Driver or rider,Slight,Female,53,,Vehicle or pillion passenger,Slight,Female,26,,Vehicle or pillion passenger,Slight,Male,4,,Vehicle or pillion passenger,Slight,Female,30,,,,,
6370337,412689,421428,1,43531,850,Unclassified,Wet / Damp,Daylight: street lights present,Fine with high winds,Car,Pedestrian,Slight,Female,47,,,,,,,,,,,,,,,,,,,,,,,,,,,,,,
63A1016,391942,425655,2,43534,1500,A,Wet / Damp,Daylight: street lights present,Raining without high winds,Car,Vehicle or pillion passenger,Slight,Female,61,Car,not known,not known,not known,not known,,,,,,,,,,,,,,,,,,,,,,,,,
63C0554,402564,416005,2,43536,1127,Motorway,Wet / Damp,Daylight: street lights present,Raining with high winds,Car,Driver or rider,Slight,Male,61,Car,not known,not known,not known,not known,,,,,,,,,,,,,,,,,,,,,,,,,
63D0351,409115,425084,1,43537,845,A,Dry,Daylight: street lights present,Fine without high winds,Car,Pedestrian,Serious,Female,17,,,,,,,,,,,,,,,,,,,,,,,,,,,,,,
63D1372,407448,425221,2,43537,1730,Unclassified,Wet / Damp,Daylight: street lights present,Raining without high winds,Car,Driver or rider,Slight,Male,5,Pedal cycle,not known,not known,not known,not known,,,,,,,,,,,,,,,,,,,,,,,,,
63D1851,406036,423432,1,43537,2100,Unclassified,Wet / Damp,Darkness: street lights present and lit,Raining without high winds,Car,Pedestrian,Serious,Male,47,,,,,,,,,,,,,,,,,,,,,,,,,,,,,,
63G1401,407400,425927,2,43540,1715,Unclassified,Dry,Daylight: street lights present,Fine without high winds,Car,Driver or rider,Slight,Female,35,Car,not known,not known,not known,not known,,,,,,,,,,,,,,,,,,,,,,,,,
63H0768,407948,424599,2,43541,1249,Unclassified,Dry,Daylight: street lights present,Fine without high winds,Car,Driver or rider,Slight,Male,19,Car,not known,not known,not known,not known,,,,,,,,,,,,,,,,,,,,,,,,,
63H1032,408666,424775,2,43541,1501,A,Dry,Daylight: street lights present,Fine without high winds,Car,Vehicle or pillion passenger,Slight,Female,43,Car,Vehicle or pillion passenger,Slight,Female,11,,,,,,,,,,,,,,,,,,,,,,,,,
63K0899,416439,422239,1,43544,1340,Motorway,Dry,Daylight: street lights present,Fine without high winds,Goods vehicle 7.5 tonnes mgw and over,Driver or rider,Slight,Male,53,,,,,,,,,,,,,,,,,,,,,,,,,,,,,,
63K1349,409786,425725,2,43544,1645,A,Dry,Daylight: street lights present,Fine without high winds,Car,Driver or rider,Slight,Male,54,Motorcycle over 500cc,not known,not known,not known,not known,,,,,,,,,,,,,,,,,,,,,,,,,
63Q1077,399968,415544,3,43550,1540,A,Dry,Daylight: street lights present,Fine without high winds,Car,Driver or rider,Slight,Male,37,Car,Driver or rider,Slight,Male,33,Car,not known,not known,not known,not known,,,,,,,,,,,,,,,,,,,,
63Q1404,411194,423687,3,43550,1803,Unclassified,Dry,Daylight: street lights present,Fine without high winds,Car,Vehicle or pillion passenger,Slight,Male,8,Car,not known,not known,not known,not known,Car,not known,not known,not known,not known,,,,,,,,,,,,,,,,,,,,
63R0449,407339,426746,2,43551,1015,Unclassified,Dry,Daylight: street lights present,Fine without high winds,Car,Driver or rider,Serious,Female,69,Car,not known,not known,not known,not known,,,,,,,,,,,,,,,,,,,,,,,,,
63U1733,399245,427428,2,43554,1900,Unclassified,Dry,Darkness: street lights present and lit,Fine without high winds,Car,Pedestrian,Slight,Male,47,Car,not known,not known,not known,not known,,,,,,,,,,,,,,,,,,,,,,,,,
6471771,416515,422194,2,43562,1320,Motorway,Dry,Daylight: street lights present,Fine without high winds,Car,Driver or rider,Slight,Male,29,Car,not known,not known,not known,not known,,,,,,,,,,,,,,,,,,,,,,,,,
6490382,409403,425836,1,43564,927,A,Dry,Daylight: street lights present,Fine without high winds,Car,Driver or rider,Slight,Male,33,,,,,,,,,,,,,,,,,,,,,,,,,,,,,,
64B0209,408203,424459,1,43566,525,A,Dry,Daylight: street lights present,Fine without high winds,Car,Pedestrian,Slight,Male,63,,,,,,,,,,,,,,,,,,,,,,,,,,,,,,
64B0422,414021,421609,2,43565,1825,Unclassified,Dry,Daylight: street lights present,Fine without high winds,Car,Driver or rider,Slight,Male,38,Pedal cycle,not known,not known,not known,not known,,,,,,,,,,,,,,,,,,,,,,,,,
64B1203,416384,422224,2,43566,1640,A,Dry,Daylight: street lights present,Fine without high winds,Goods vehicle 7.5 tonnes mgw and over,Driver or rider,Serious,Male,60,Pedal cycle,not known,not known,not known,not known,,,,,,,,,,,,,,,,,,,,,,,,,
64D0970,409364,424113,1,43568,1400,Unclassified,Dry,Daylight: street lights present,Fine without high winds,Car,Pedestrian,Serious,Female,9,,,,,,,,,,,,,,,,,,,,,,,,,,,,,,
64F0540,406928,425439,1,43570,1130,Unclassified,Dry,Daylight: street lights present,Fine without high winds,Car,Driver or rider,Slight,Female,53,Vehicle or pillion passenger,Slight,Female,8,,,,,,,,,,,,,,,,,,,,,,,,,,
64F0673,393369,423821,3,43570,1219,A,Dry,Daylight: street lights present,Fine without high winds,Goods vehicle over 3.5 tonnes and under 7.5 tonnes mgw,Driver or rider,Slight,Male,82,Car,Vehicle or pillion passenger,Slight,Female,33,Goods vehicle 3.5 tonnes mgw and under,Driver or rider,Slight,Male,53,,Vehicle or pillion passenger,Slight,Female,40,,Driver or rider,Slight,Male,64,,,,,,,,,,
64G1125,404077,425554,2,43570,1200,Unclassified,Dry,Daylight: street lights present,Fine without high winds,Pedal cycle,Driver or rider,Slight,Male,6,Car,not known,not known,not known,not known,,,,,,,,,,,,,,,,,,,,,,,,,
64I0344,404780,424113,2,43573,850,A,Dry,Daylight: street lights present,Fine without high winds,Car,Driver or rider,Serious,Male,48,Motorcycle over 50cc and up to 125cc,not known,not known,not known,not known,,,,,,,,,,,,,,,,,,,,,,,,,
64I0844,414715,423065,2,43573,1115,A,Dry,Daylight: street lights present,Fine without high winds,Car,Driver or rider,Slight,Male,79,Car,not known,not known,not known,not known,,,,,,,,,,,,,,,,,,,,,,,,,
64I1086,412461,425459,1,43575,1525,A,Dry,Daylight: street lights present,Fine without high winds,Car,Pedestrian,Slight,Female,44,,,,,,,,,,,,,,,,,,,,,,,,,,,,,,
64I1853,393458,421996,2,43573,2040,A,Dry,Darkness: street lights present and lit,Fine without high winds,Goods vehicle 3.5 tonnes mgw and under,Driver or rider,Slight,Female,49,Car,not known,not known,not known,not known,,,,,,,,,,,,,,,,,,,,,,,,,
64J1224,407563,426000,2,43574,1705,Unclassified,Dry,Daylight: street lights present,Fine without high winds,Car,Driver or rider,Slight,Male,41,Car,not known,not known,not known,not known,,,,,,,,,,,,,,,,,,,,,,,,,
64K0399,414798,425037,2,43575,700,Unclassified,Dry,Daylight: street lights present,Fine without high winds,Motorcycle over 500cc,Driver or rider,Slight,Male,31,Car,not known,not known,not known,not known,,,,,,,,,,,,,,,,,,,,,,,,,
64K1571,406205,423679,1,43575,1830,A,Dry,Daylight: street lights present,Fine without high winds,Car,Pedestrian,Slight,Male,20,,,,,,,,,,,,,,,,,,,,,,,,,,,,,,
64K2079,409452,424588,2,43575,2223,Unclassified,Dry,Darkness: street lights present and lit,Fine without high winds,Pedal cycle,Driver or rider,Slight,Male,24,Goods vehicle 3.5 tonnes mgw and under,not known,not known,not known,not known,,,,,,,,,,,,,,,,,,,,,,,,,
64L1051,406597,424826,2,43576,1450,A,Dry,Daylight: street lights present,Fine without high winds,Car,Driver or rider,Slight,Male,19,Car,Driver or rider,Slight,Male,70,,Vehicle or pillion passenger,Slight,Female,42,,Vehicle or pillion passenger,Slight,Female,11,,,,,,,,,,,,,,,
64S1800,409039,425718,3,43583,2133,Unclassified,Dry,Darkness: street lights present and lit,Fine without high winds,Car,Vehicle or pillion passenger,Slight,Female,18,Car,not known,not known,not known,not known,Car,not known,not known,not known,not known,,,,,,,,,,,,,,,,,,,,
64U0698,414925,422911,2,43585,1241,A,Dry,Daylight: street lights present,Fine without high winds,Car,Driver or rider,Slight,Female,32,Car,not known,not known,not known,not known,,,,,,,,,,,,,,,,,,,,,,,,,
6510616,408449,419718,2,43585,1910,Unclassified,Dry,Daylight: street lights present,Fine without high winds,Car,Driver or rider,Serious,Male,44,Pedal cycle,not known,not known,not known,not known,,,,,,,,,,,,,,,,,,,,,,,,,
6521874,399335,427278,1,43587,2129,Unclassified,Wet / Damp,Darkness: street lights present and lit,Raining without high winds,Car,Pedestrian,Serious,Female,41,,,,,,,,,,,,,,,,,,,,,,,,,,,,,,
6531035,408531,425592,2,43588,1607,Unclassified,Dry,Daylight: street lights present,Fine without high winds,Car,Vehicle or pillion passenger,Slight,Female,14,Car,not known,not known,not known,not known,,,,,,,,,,,,,,,,,,,,,,,,,
6541044,406583,423816,2,43589,1458,A,Dry,Daylight: street lights present,Fine without high winds,Car,Driver or rider,Slight,Male,29,Motorcycle over 50cc and up to 125cc,not known,not known,not known,not known,,,,,,,,,,,,,,,,,,,,,,,,,
6561366,416387,422222,2,43591,1823,A,Wet / Damp,Daylight: street lights present,Raining without high winds,Car,Driver or rider,Slight,Male,22,Car,not known,not known,not known,not known,,,,,,,,,,,,,,,,,,,,,,,,,
6570627,407715,421358,3,43592,1208,Unclassified,Dry,Daylight: street lights present,Fine without high winds,Car,Driver or rider,Slight,Male,75,Car,Vehicle or pillion passenger,Slight,Female,75,Car,Vehicle or pillion passenger,Slight,Female,40,,,,,,,,,,,,,,,,,,,,
65A1154,405764,423328,2,43595,1614,A,Dry,Daylight: street lights present,Fine without high winds,Car,Driver or rider,Slight,Female,46,Car,Driver or rider,Slight,Male,27,,,,,,,,,,,,,,,,,,,,,,,,,
65B1266,401304,426023,2,43596,1725,A,Dry,Daylight: street lights present,Fine without high winds,Car,Driver or rider,Serious,Male,18,Motorcycle over 50cc and up to 125cc,not known,not known,not known,not known,,,,,,,,,,,,,,,,,,,,,,,,,
65C0724,410120,425821,1,43597,1225,Unclassified,Dry,Daylight: street lights present,Fine without high winds,Car,Driver or rider,Slight,Female,69,,Vehicle or pillion passenger,Slight,Male,70,,,,,,,,,,,,,,,,,,,,,,,,,
65D0271,407218,424283,2,43598,725,A,Dry,Daylight: street lights present,Fine without high winds,Motorcycle over 500cc,Driver or rider,Slight,Male,25,Goods vehicle 3.5 tonnes mgw and under,not known,not known,not known,not known,,,,,,,,,,,,,,,,,,,,,,,,,
65D0282,402712,415938,2,43598,740,Motorway,Dry,Daylight: street lights present,Fine without high winds,Other Vehicle ,Vehicle or pillion passenger,Fatal,Male,31,Goods vehicle 7.5 tonnes mgw and over,Driver or rider,Serious,Female,22,,,,,,,,,,,,,,,,,,,,,,,,,
65E1534,401179,426064,2,43599,1738,A,Dry,Daylight: street lights present,Fine without high winds,Pedal cycle,Driver or rider,Slight,Male,19,Car,not known,not known,not known,not known,,,,,,,,,,,,,,,,,,,,,,,,,
65E1555,416987,423640,3,43599,1745,Motorway,Dry,Daylight: street lights present,Fine without high winds,Goods vehicle 3.5 tonnes mgw and under,Driver or rider,Slight,Male,27,Car,not known,not known,not known,not known,Car,not known,not known,not known,not known,,,,,,,,,,,,,,,,,,,,
65F0488,412900,425623,2,43600,1030,Unclassified,Dry,Daylight: street lights present,Fine without high winds,Car,Driver or rider,Slight,Male,60,Car,not known,not known,not known,not known,,,,,,,,,,,,,,,,,,,,,,,,,
65H0317,400139,423311,2,43602,2105,B,Dry,Daylight: street lights present,Fine without high winds,Motorcycle over 125cc and up to 500cc,Driver or rider,Slight,Male,33,Pedal cycle,not known,not known,not known,not known,,,,,,,,,,,,,,,,,,,,,,,,,
65H1176,408723,424487,2,43602,1550,Unclassified,Dry,Daylight: street lights present,Fine without high winds,Motorcycle over 50cc and up to 125cc,Driver or rider,Serious,Male,22,Car,Driver or rider,Slight,Female,45,,,,,,,,,,,,,,,,,,,,,,,,,
65L1405,408335,424976,2,43606,1740,Unclassified,Dry,Daylight: street lights present,Fine without high winds,Car,Driver or rider,Serious,Male,14,Pedal cycle,not known,not known,not known,not known,,,,,,,,,,,,,,,,,,,,,,,,,
65M0852,407592,424974,2,43614,2245,Unclassified,Dry,Darkness: street lights present and lit,Fine without high winds,Car,Driver or rider,Serious,Male,16,Pedal cycle,not known,not known,not known,not known,,,,,,,,,,,,,,,,,,,,,,,,,
65N1203,400689,415324,3,43608,1614,Motorway,Dry,Daylight: street lights present,Fine without high winds,Car,Vehicle or pillion passenger,Slight,Female,56,Car,not known,not known,not known,not known,Car,not known,not known,not known,not known,,,,,,,,,,,,,,,,,,,,
65N1361,409755,422877,2,43608,1600,A,Dry,Daylight: street lights present,Fine without high winds,Car,Driver or rider,Slight,Female,29,Car,not known,not known,not known,not known,,,,,,,,,,,,,,,,,,,,,,,,,
65N1765,414157,423882,2,43608,1952,Unclassified,Dry,Daylight: street lights present,Fine without high winds,Pedal cycle,Driver or rider,Slight,Male,21,Car,not known,not known,not known,not known,,,,,,,,,,,,,,,,,,,,,,,,,
65P0654,393739,424150,2,43610,1109,A,Dry,Daylight: street lights present,Fine without high winds,Car,Driver or rider,Slight,Male,85,Motorcycle over 500cc,not known,not known,not known,not known,,,,,,,,,,,,,,,,,,,,,,,,,
65P0685,393074,425104,1,43610,1120,Unclassified,Dry,Daylight: street lights present,Fine without high winds,Car,Driver or rider,Slight,Male,63,,,,,,,,,,,,,,,,,,,,,,,,,,,,,,
65Q0574,410222,418733,3,43611,1115,Motorway,Wet / Damp,Daylight: street lights present,Raining with high winds,Motorcycle over 500cc,Driver or rider,Slight,Male,28,Car,not known,not known,not known,not known,Car,not known,not known,not known,not known,,,,,,,,,,,,,,,,,,,,
65T1335,409309,424944,1,43614,1335,Unclassified,Dry,Daylight: street lights present,Fine without high winds,Car,Pedestrian,Slight,Male,28,,,,,,,,,,,,,,,,,,,,,,,,,,,,,,
6610845,392601,423158,3,43617,1306,A,Dry,Daylight: street lights present,Fine without high winds,Car,Driver or rider,Slight,Male,49,Car,Driver or rider,Slight,Female,41,Car,not known,not known,not known,not known,,,,,,,,,,,,,,,,,,,,
6631452,407526,429361,2,43619,1745,Unclassified,Dry,Daylight: street lights present,Fine without high winds,Motorcycle over 500cc,Driver or rider,Serious,Male,28,Car,Driver or rider,Slight,Female,31,,,,,,,,,,,,,,,,,,,,,,,,,
6651825,411603,420725,4,43621,2115,A,Dry,Daylight: street lights present,Fine without high winds,Car,Driver or rider,Slight,Female,24,Car,not known,not known,not known,not known,Car,not known,not known,not known,not known,Car,not known,not known,not known,not known,,,,,,,,,,,,,,,
66A1052,408594,425566,1,43626,1507,Unclassified,Dry,Daylight: street lights present,Fine without high winds,Car,Pedestrian,Serious,Female,73,,,,,,,,,,,,,,,,,,,,,,,,,,,,,,
66B0274,411397,419619,2,43627,815,Motorway,Dry,Daylight: street lights present,Fine without high winds,Goods vehicle 7.5 tonnes mgw and over,Driver or rider,Slight,Male,47,Car,not known,not known,not known,not known,,,,,,,,,,,,,,,,,,,,,,,,,
66B0368,410873,419624,2,43627,933,Unclassified,Dry,Daylight: street lights present,Fine without high winds,Car,Driver or rider,Slight,Male,32,Car,not known,not known,not known,not known,,,,,,,,,,,,,,,,,,,,,,,,,
66C0400,408056,428486,2,43618,1200,Unclassified,Dry,Daylight: street lights present,Fine without high winds,Pedal cycle,Driver or rider,Slight,Male,12,Car,not known,not known,not known,not known,,,,,,,,,,,,,,,,,,,,,,,,,
66C1831,408020,424658,1,43628,2226,Unclassified,Dry,Darkness: street lights present and lit,Fine without high winds,Car,Pedestrian,Slight,Female,25,,,,,,,,,,,,,,,,,,,,,,,,,,,,,,
66E0667,412100,428194,4,43630,1202,A,Wet / Damp,Daylight: street lights present,Fine without high winds,Goods vehicle 3.5 tonnes mgw and under,Driver or rider,Slight,Male,30,Car,not known,not known,not known,not known,Car,not known,not known,not known,not known,Car,not known,not known,not known,not known,,,,,,,,,,,,,,,
66H0297,403680,419488,2,43632,1905,A,Dry,Daylight: street lights present,Fine without high winds,Car,Driver or rider,Slight,Female,18,Car,not known,not known,not known,not known,,,,,,,,,,,,,,,,,,,,,,,,,
66K2066,407464,424624,2,43636,2352,Unclassified,Dry,Darkness: street lights present and lit,Fine without high winds,Car,Driver or rider,Slight,Male,20,Car,Vehicle or pillion passenger,Slight,Male,20,,Vehicle or pillion passenger,Slight,Male,21,,,,,,,,,,,,,,,,,,,,
66L1258,398321,414766,3,43637,1636,Motorway,Dry,Daylight: street lights present,Fine without high winds,Car,Driver or rider,Slight,Female,39,Car,Driver or rider,Slight,Male,65,Car,Driver or rider,Slight,Female,57,,,,,,,,,,,,,,,,,,,,
66L1409,408727,423669,2,43637,1740,Unclassified,Dry,Daylight: street lights present,Fine without high winds,Car,Vehicle or pillion passenger,Slight,Female,34,Taxi/Private hire car,,,,,,,,,,,,,,,,,,,,,,,,,,,,,
66L1624,409353,424961,1,43637,1900,Unclassified,Dry,Daylight: street lights present,Fine without high winds,Car,Pedestrian,Slight,Male,24,,,,,,,,,,,,,,,,,,,,,,,,,,,,,,
66O2039,414596,422804,1,43640,2248,Unclassified,Dry,Darkness: street lights present and lit,Fine without high winds,Car,Pedestrian,Serious,Male,28,,,,,,,,,,,,,,,,,,,,,,,,,,,,,,
66P1947,409973,425659,1,43641,2318,A,Wet / Damp,Darkness: street lights present and lit,Raining without high winds,Car,Driver or rider,Serious,Male,21,,Vehicle or pillion passenger,Serious,Male,20,,Vehicle or pillion passenger,Serious,Male,21,,Vehicle or pillion passenger,Serious,Male,22,,,,,,,,,,,,,,,
66U1222,409227,425353,2,43646,1514,Unclassified,Dry,Daylight: street lights present,Fine without high winds,Pedal cycle,Driver or rider,Slight,Male,14,Car,not known,not known,not known,not known,,,,,,,,,,,,,,,,,,,,,,,,,
6720437,412346,425869,1,43648,930,A,Dry,Daylight: street lights present,Fine without high winds,Car,Driver or rider,Slight,Male,58,,,,,,,,,,,,,,,,,,,,,,,,,,,,,,
6721656,400302,427341,2,43648,1857,Unclassified,Dry,Daylight: street lights present,Fine without high winds,Car,Driver or rider,Slight,Male,20,Car,not known,not known,not known,not known,,,,,,,,,,,,,,,,,,,,,,,,,
6750352,406258,423898,1,43651,836,Unclassified,Dry,Daylight: street lights present,Fine without high winds,Car,Pedestrian,Serious,Male,9,,,,,,,,,,,,,,,,,,,,,,,,,,,,,,
6751146,411420,420453,3,43651,1600,Unclassified,Dry,Daylight: street lights present,Fine without high winds,Car,Driver or rider,Slight,Male,28,Car,not known,not known,not known,not known,Car,not known,not known,not known,not known,,,,,,,,,,,,,,,,,,,,
6760814,399636,426900,2,43652,1100,A,Dry,Daylight: street lights present,Fine without high winds,Pedal cycle,Driver or rider,Slight,Male,16,Car,not known,not known,not known,not known,,,,,,,,,,,,,,,,,,,,,,,,,
6761945,389881,426268,2,43652,2130,A,Dry,Darkness: street lights present and lit,Fine without high winds,Motorcycle over 50cc and up to 125cc,Driver or rider,Serious,Male,27,Car,not known,not known,not known,not known,,,,,,,,,,,,,,,,,,,,,,,,,
6781836,414635,422712,2,43654,2027,A,Wet / Damp,Daylight: street lights present,Raining without high winds,Car,Driver or rider,Slight,Male,19,Car,Driver or rider,Slight,Male,25,,,,,,,,,,,,,,,,,,,,,,,,,
6790856,413523,420614,2,43655,1318,A,Dry,Daylight: street lights present,Fine without high winds,Car,Vehicle or pillion passenger,Slight,Female,81,Car,not known,not known,not known,not known,,,,,,,,,,,,,,,,,,,,,,,,,
67B1142,416309,424137,2,43657,1513,Unclassified,Dry,Daylight: street lights present,Fine without high winds,Car,Driver or rider,Serious,Male,25,Motorcycle over 50cc and up to 125cc,not known,not known,not known,not known,,,,,,,,,,,,,,,,,,,,,,,,,
67B1325,410046,423303,2,43657,1622,Unclassified,Dry,Daylight: street lights present,Fine without high winds,Car,Driver or rider,Slight,Male,26,Pedal cycle,not known,not known,not known,not known,,,,,,,,,,,,,,,,,,,,,,,,,
67B1712,408164,427574,3,43657,1904,Unclassified,Dry,Daylight: street lights present,Fine without high winds,Car,Vehicle or pillion passenger,Slight,Female,3,Car,not known,not known,not known,not known,Car,not known,not known,not known,not known,,,,,,,,,,,,,,,,,,,,
67C0218,411025,419630,1,43658,450,A,Dry,Daylight: street lights present,Fine without high winds,Car,Driver or rider,Slight,Male,24,,,,,,,,,,,,,,,,,,,,,,,,,,,,,,
67C1738,405419,419813,2,43658,1902,Unclassified,Dry,Daylight: street lights present,Fine without high winds,Car,Driver or rider,Slight,Male,25,Car,Driver or rider,Slight,Male,53,,,,,,,,,,,,,,,,,,,,,,,,,
67D0909,413653,426162,2,43659,1325,A,Dry,Daylight: street lights present,Fine without high winds,Car,Driver or rider,Serious,Male,49,Motorcycle over 500cc,not known,not known,not known,not known,,,,,,,,,,,,,,,,,,,,,,,,,
67D1295,399768,427251,3,43659,1638,Unclassified,Dry,Daylight: street lights present,Fine without high winds,Motorcycle over 500cc,Driver or rider,Slight,Male,46,Car,not known,not known,not known,not known,Car,not known,not known,not known,not known,,,,,,,,,,,,,,,,,,,,
67D1546,413526,420937,2,43659,1835,Unclassified,Dry,Daylight: street lights present,Fine without high winds,Car,Vehicle or pillion passenger,Slight,Female,3,Car,not known,not known,not known,not known,,,,,,,,,,,,,,,,,,,,,,,,,
67E1213,416721,422105,2,43660,1530,A,Dry,Daylight: street lights present,Fine without high winds,Car,Driver or rider,Slight,Male,44,Car,Driver or rider,Slight,Male,47,,,,,,,,,,,,,,,,,,,,,,,,,
67E1699,398927,420380,1,43660,1924,B,Dry,Daylight: street lights present,Fine without high winds,Motorcycle over 500cc,Driver or rider,Serious,Male,46,,,,,,,,,,,,,,,,,,,,,,,,,,,,,,
67G0266,411440,419636,2,43662,654,A,Dry,Daylight: street lights present,Fine without high winds,Pedal cycle,Driver or rider,Serious,Male,27,Taxi/Private hire car,not known,not known,not known,not known,,,,,,,,,,,,,,,,,,,,,,,,,
67G2262,406947,430908,2,43662,2336,A,Dry,Darkness: street lights present and lit,Fine without high winds,Car,Driver or rider,Slight,Male,20,Car,Driver or rider,Slight,Male,27,,,,,,,,,,,,,,,,,,,,,,,,,
67I1498,408335,424290,1,43664,1748,Unclassified,Dry,Daylight: street lights present,Fine without high winds,Car,Pedestrian,Serious,Male,5,,,,,,,,,,,,,,,,,,,,,,,,,,,,,,
67J0424,414829,422937,1,43665,855,Unclassified,Dry,Daylight: street lights present,Fine without high winds,Motorcycle over 125cc and up to 500cc,Driver or rider,Slight,Male,26,,,,,,,,,,,,,,,,,,,,,,,,,,,,,,
67J0531,401531,425998,2,43665,1004,A,Dry,Daylight: street lights present,Fine without high winds,Car,Driver or rider,Slight,Female,71,Goods vehicle 3.5 tonnes mgw and under,not known,not known,not known,not known,,,,,,,,,,,,,,,,,,,,,,,,,
67J1397,405959,423452,2,43665,1545,Unclassified,Dry,Daylight: street lights present,Fine without high winds,Car,Driver or rider,Slight,Male,39,Pedal cycle,not known,not known,not known,not known,,,,,,,,,,,,,,,,,,,,,,,,,
67J1853,407532,423577,6,43665,2025,A,Dry,Daylight: street lights present,Fine without high winds,Car,Driver or rider,Slight,Male,47,Car,not known,not known,not known,not known,Car,not known,not known,not known,not known,Car,not known,not known,not known,not known,Car,not known,not known,not known,not known,Car,not known,not known,not known,not known,,,,,
67K0642,409232,425316,2,43666,1045,Unclassified,Dry,Daylight: street lights present,Fine without high winds,Goods vehicle 3.5 tonnes mgw and under,Driver or rider,Slight,Female,25,Car,not known,not known,not known,not known,,,,,,,,,,,,,,,,,,,,,,,,,
67K2263,402376,420524,1,43665,2245,Unclassified,Dry,Darkness: no street lighting,Raining without high winds,Car,Vehicle or pillion passenger,Serious,Male,20,,,,,,,,,,,,,,,,,,,,,,,,,,,,,,
67L1161,401322,426020,2,43667,1559,A,Dry,Daylight: street lights present,Fine without high winds,Car,Driver or rider,Slight,Male,20,Pedal cycle,not known,not known,not known,not known,,,,,,,,,,,,,,,,,,,,,,,,,
67N1567,412457,425479,2,43669,1750,A,Dry,Daylight: street lights present,Fine without high winds,Car,Vehicle or pillion passenger,Slight,Female,15,Car,not known,not known,not known,not known,,,,,,,,,,,,,,,,,,,,,,,,,
67O0371,404368,419514,2,43670,737,B,Wet / Damp,Daylight: street lights present,Fine without high winds,Car,Driver or rider,Slight,Female,18,Car,Driver or rider,Slight,Female,23,,,,,,,,,,,,,,,,,,,,,,,,,
67O0629,390462,425810,1,43670,1107,Unclassified,Dry,Daylight: street lights present,Fine without high winds,Car,Driver or rider,Slight,Male,70,,,,,,,,,,,,,,,,,,,,,,,,,,,,,,
67P2019,406619,419805,2,43671,1945,Unclassified,Dry,Daylight: street lights present,Fine without high winds,Car,Driver or rider,Slight,Female,30,Car,not known,not known,not known,not known,,,,,,,,,,,,,,,,,,,,,,,,,
67R1074,411466,419504,1,43673,1420,A,Wet / Damp,Daylight: street lights present,Raining without high winds,Motorcycle over 50cc and up to 125cc,Driver or rider,Slight,Female,36,,,,,,,,,,,,,,,,,,,,,,,,,,,,,,
67R1805,402579,416007,2,43673,2055,Motorway,Wet / Damp,Darkness: no street lighting,Raining without high winds,Car,Driver or rider,Slight,Male,50,Car,Driver or rider,Slight,Female,45,,,,,,,,,,,,,,,,,,,,,,,,,
67R1929,409459,423490,1,43673,2210,A,Wet / Damp,Darkness: street lights present and lit,Raining without high winds,Motorcycle over 500cc,Driver or rider,Slight,Male,19,,Vehicle or pillion passenger,Slight,Male,36,,,,,,,,,,,,,,,,,,,,,,,,,
67U2259,404289,416714,2,43676,2324,Motorway,Wet / Damp,Darkness: street lights present and lit,Raining without high winds,Car,Driver or rider,Slight,Male,45,Car,not known,not known,not known,not known,,,,,,,,,,,,,,,,,,,,,,,,,
67V1283,413905,421654,2,43677,1707,A,Dry,Daylight: street lights present,Fine without high winds,Goods vehicle 3.5 tonnes mgw and under,Driver or rider,Slight,Male,49,Pedal cycle,not known,not known,not known,not known,,,,,,,,,,,,,,,,,,,,,,,,,
67V1613,409561,423621,1,43677,1830,Unclassified,Dry,Daylight: street lights present,Fine without high winds,Car,Pedestrian,Slight,Male,7,,,,,,,,,,,,,,,,,,,,,,,,,,,,,,
6810434,413577,423199,1,43678,850,Unclassified,Dry,Daylight: street lights present,Fine without high winds,Car,Pedestrian,Slight,Female,45,,,,,,,,,,,,,,,,,,,,,,,,,,,,,,
6811225,411195,420637,4,43678,1607,Unclassified,Dry,Daylight: street lights present,Fine without high winds,Goods vehicle 3.5 tonnes mgw and under,Driver or rider,Slight,Male,28,Car,not known,not known,not known,not known,Car,not known,not known,not known,not known,Goods vehicle 3.5 tonnes mgw and under,not known,not known,not known,not known,,,,,,,,,,,,,,,
6821005,405547,419979,2,43679,1455,Unclassified,Dry,Daylight: street lights present,Fine without high winds,Car,Driver or rider,Slight,Male,55,Goods vehicle 7.5 tonnes mgw and over,Vehicle or pillion passenger,Slight,Female,67,,Driver or rider,Slight,Male,53,,,,,,,,,,,,,,,,,,,,
6821437,409822,425672,1,43679,1630,Unclassified,Dry,Daylight: street lights present,Fine without high winds,Car,Vehicle or pillion passenger,Slight,Male,67,,,,,,,,,,,,,,,,,,,,,,,,,,,,,,
6830654,416853,424057,2,43680,940,Unclassified,Dry,Daylight: street lights present,Fine without high winds,Car,Pedestrian,Slight,Male,42,Car,not known,not known,not known,not known,,,,,,,,,,,,,,,,,,,,,,,,,
6841243,416262,422206,2,43681,1530,A,Dry,Daylight: street lights present,Fine without high winds,Car,Driver or rider,Slight,Male,53,Car,Vehicle or pillion passenger,Slight,Female,57,,,,,,,,,,,,,,,,,,,,,,,,,
6842175,411759,421260,3,43681,2223,Unclassified,Dry,Darkness: street lights present and lit,Fine without high winds,Motorcycle over 500cc,Driver or rider,Fatal,Male,43,Pedal cycle,not known,not known,not known,not known,Car,not known,not known,not known,not known,,,,,,,,,,,,,,,,,,,,
6850683,409210,425076,3,43682,1133,Unclassified,Dry,Daylight: street lights present,Fine without high winds,Car,Driver or rider,Serious,Male,52,Car,not known,not known,not known,not known,Car,not known,not known,not known,not known,,,,,,,,,,,,,,,,,,,,
6891410,403757,425093,1,43685,1436,A,Dry,Daylight: street lights present,Fine without high winds,Goods vehicle over 3.5 tonnes and under 7.5 tonnes mgw,Pedestrian,Slight,Male,17,,,,,,,,,,,,,,,,,,,,,,,,,,,,,,
6891840,411660,427999,2,43686,1949,A,Wet / Damp,Daylight: street lights present,Raining without high winds,Car,Driver or rider,Slight,Male,59,Car,Vehicle or pillion passenger,Slight,Female,73,,,,,,,,,,,,,,,,,,,,,,,,,
68A0046,408176,428159,3,43687,20,Unclassified,Wet / Damp,Darkness: street lights present and lit,Raining without high winds,Car,Vehicle or pillion passenger,Slight,Female,54,Car,Vehicle or pillion passenger,Slight,Female,52,Car,not known,not known,not known,not known,,,,,,,,,,,,,,,,,,,,
68E0673,409045,426232,2,43691,1250,A,Wet / Damp,Daylight: street lights present,Raining without high winds,Car,Driver or rider,Slight,Female,76,Agricultural vehicle (includes diggers etc.),Vehicle or pillion passenger,Slight,Male,79,,,,,,,,,,,,,,,,,,,,,,,,,
68E0728,409973,425659,2,43691,1323,A,Wet / Damp,Daylight: street lights present,Raining without high winds,Car,Vehicle or pillion passenger,Slight,Male,62,Goods vehicle 7.5 tonnes mgw and over,not known,not known,not known,not known,,,,,,,,,,,,,,,,,,,,,,,,,
68F1413,407102,427478,2,43692,1830,Unclassified,Dry,Daylight: street lights present,Fine without high winds,Goods vehicle 3.5 tonnes mgw and under,Pedestrian,Slight,Female,4,Car,not known,not known,not known,not known,,,,,,,,,,,,,,,,,,,,,,,,,
68F1591,412777,425575,4,43692,1949,A,Dry,Daylight: street lights present,Fine without high winds,Car,Driver or rider,Slight,Female,36,Car,Vehicle or pillion passenger,Slight,Male,12,Car,Vehicle or pillion passenger,Slight,Female,2,Car,Vehicle or pillion passenger,Slight,Female,5,,,,,,,,,,,,,,,
68J1025,393457,421311,1,43696,1440,A,Dry,Daylight: street lights present,Fine without high winds,Car,Driver or rider,Slight,Male,89,,,,,,,,,,,,,,,,,,,,,,,,,,,,,,
68J1571,411140,420685,2,43696,1755,Unclassified,Dry,Daylight: street lights present,Fine without high winds,Pedal cycle,Driver or rider,Slight,Male,12,Taxi/Private hire car,not known,not known,not known,not known,,,,,,,,,,,,,,,,,,,,,,,,,
68K1155,409449,424967,2,43697,1546,Unclassified,Dry,Daylight: street lights present,Fine without high winds,Motorcycle over 125cc and up to 500cc,Driver or rider,Slight,Male,20,Minibus (8 – 16 passenger seats),not known,not known,not known,not known,,,,,,,,,,,,,,,,,,,,,,,,,
68N1921,402457,420730,1,43700,2027,Unclassified,Dry,Daylight: street lights present,Fine without high winds,Car,Driver or rider,Serious,Male,55,,Vehicle or pillion passenger,Slight,Female,41,,,,,,,,,,,,,,,,,,,,,,,,,
68N2246,407913,424913,2,43700,2246,Unclassified,Dry,Darkness: street lights present and lit,Fine without high winds,Car,Driver or rider,Slight,Male,25,Car,not known,not known,not known,not known,,,,,,,,,,,,,,,,,,,,,,,,,
68O1081,411112,425997,2,43701,1422,A,Dry,Daylight: street lights present,Fine without high winds,Car,Driver or rider,Serious,Male,61,Motorcycle over 500cc,not known,not known,not known,not known,,,,,,,,,,,,,,,,,,,,,,,,,
68O2257,414361,423381,2,43701,2214,Unclassified,Dry,Darkness: street lights present and lit,Fine without high winds,Car,Driver or rider,Slight,Female,21,Car,Vehicle or pillion passenger,Slight,Male,23,,,,,,,,,,,,,,,,,,,,,,,,,
68P1528,402351,417927,2,43702,1730,Unclassified,Dry,Daylight: street lights present,Fine without high winds,Car,Driver or rider,Serious,Male,19,Motorcycle over 500cc,Vehicle or pillion passenger,Slight,Female,19,,,,,,,,,,,,,,,,,,,,,,,,,
68Q0462,409741,422699,1,43703,535,A,Dry,Daylight: street lights present,Fine without high winds,Car,Vehicle or pillion passenger,Serious,Female,23,,Vehicle or pillion passenger,Slight,Female,22,,,,,,,,,,,,,,,,,,,,,,,,,
68Q1229,412132,425424,1,43703,1430,Unclassified,Dry,Daylight: street lights present,Fine without high winds,Motorcycle over 125cc and up to 500cc,Driver or rider,Serious,Male,25,,,,,,,,,,,,,,,,,,,,,,,,,,,,,,
68Q2016,407913,424913,2,43703,2201,Unclassified,Dry,Darkness: street lights present and lit,Fine without high winds,Car,Driver or rider,Slight,Male,34,Motorcycle over 500cc,not known,not known,not known,not known,,,,,,,,,,,,,,,,,,,,,,,,,
68U0499,408750,422564,2,43707,938,A,Dry,Daylight: street lights present,Fine without high winds,Car,Driver or rider,Slight,Male,73,Agricultural vehicle (includes diggers etc.),not known,not known,not known,not known,,,,,,,,,,,,,,,,,,,,,,,,,
68U0600,410421,426015,2,43707,1036,A,Dry,Daylight: street lights present,Fine without high winds,Car,Vehicle or pillion passenger,Slight,Female,9,Car,Vehicle or pillion passenger,Slight,Female,11,,,,,,,,,,,,,,,,,,,,,,,,,
68V0469,405547,419979,2,43707,1300,A,Dry,Daylight: street lights present,Fine without high winds,Goods vehicle 7.5 tonnes mgw and over,Driver or rider,Serious,Male,35,Pedal cycle,not known,not known,not known,not known,,,,,,,,,,,,,,,,,,,,,,,,,
68V0878,409402,424771,2,43708,1309,Unclassified,Dry,Daylight: street lights present,Fine without high winds,Car,Vehicle or pillion passenger,Slight,Female,63,Car,not known,not known,not known,not known,,,,,,,,,,,,,,,,,,,,,,,,,
68V0913,411014,428762,3,43708,1327,A,Dry,Daylight: street lights present,Fine without high winds,Car,Driver or rider,Serious,Male,26,Goods vehicle 3.5 tonnes mgw and under,Driver or rider,Serious,Male,33,Car,not known,not known,not known,not known,,,,,,,,,,,,,,,,,,,,
6920662,412462,425469,2,43710,1230,A,Dry,Daylight: street lights present,Fine without high winds,Car,Driver or rider,Slight,Female,75,Car,Vehicle or pillion passenger,Slight,Female,72,,,,,,,,,,,,,,,,,,,,,,,,,
6931678,409788,425724,2,43711,2038,A,Dry,Darkness: street lights present and lit,Fine without high winds,Car,Vehicle or pillion passenger,Slight,Male,2,Car,not known,not known,not known,not known,,,,,,,,,,,,,,,,,,,,,,,,,
6981343,406794,426164,2,43716,1803,Unclassified,Dry,Daylight: street lights present,Fine without high winds,Motorcycle over 50cc and up to 125cc,Driver or rider,Serious,Male,35,Car,Vehicle or pillion passenger,Serious,Female,47,,Driver or rider,Slight,Female,33,,,,,,,,,,,,,,,,,,,,
69F1940,409748,422724,1,43723,2215,A,Wet / Damp,Darkness: street lights present and lit,Raining without high winds,Goods vehicle 3.5 tonnes mgw and under,Pedestrian,Slight,Female,33,,,,,,,,,,,,,,,,,,,,,,,,,,,,,,
69H0887,416902,422057,4,43725,1342,A,Dry,Daylight: street lights present,Fine without high winds,Goods vehicle over 3.5 tonnes and under 7.5 tonnes mgw,Vehicle or pillion passenger,Slight,Male,36,Car,Vehicle or pillion passenger,Slight,Male,32,Car,not known,not known,not known,not known,Car,not known,not known,not known,not known,,,,,,,,,,,,,,,
69I0676,411876,427814,3,43726,640,A,Dry,Daylight: street lights present,Fine without high winds,Car,Driver or rider,Slight,Female,23,Car,not known,not known,not known,not known,Car,not known,not known,not known,not known,,,,,,,,,,,,,,,,,,,,
69I1019,409318,424727,2,43726,1449,A,Dry,Daylight: street lights present,Fine without high winds,Car,Driver or rider,Slight,Female,55,Car,not known,not known,not known,not known,,,,,,,,,,,,,,,,,,,,,,,,,
69J0470,410814,420982,1,43727,1019,Unclassified,Dry,Daylight: street lights present,Fine without high winds,Car,Driver or rider,Slight,Female,90,,,,,,,,,,,,,,,,,,,,,,,,,,,,,,
69J0763,417704,420756,2,43727,1239,A,Dry,Daylight: street lights present,Fine without high winds,Car,Driver or rider,Slight,Male,22,Goods vehicle 3.5 tonnes mgw and under,not known,not known,not known,not known,,,,,,,,,,,,,,,,,,,,,,,,,
69N0385,412806,420298,4,43731,910,Motorway,Dry,Daylight: street lights present,Fine without high winds,Car,Driver or rider,Serious,Female,31,Car,Driver or rider,Slight,Female,37,Car,Driver or rider,Slight,Female,30,Car,Driver or rider,Slight,Female,40,,,,,,,,,,,,,,,
69O1264,407548,425938,2,43714,1600,Unclassified,Wet / Damp,Daylight: street lights present,Fine without high winds,Car,Driver or rider,Slight,Male,50,Car,not known,not known,not known,not known,,,,,,,,,,,,,,,,,,,,,,,,,
69O1269,409596,424848,1,43732,1700,Unclassified,Wet / Damp,Daylight: street lights present,Raining without high winds,Car,Pedestrian,Slight,Male,22,,,,,,,,,,,,,,,,,,,,,,,,,,,,,,
69P0886,414204,422571,1,43733,1310,Unclassified,Dry,Daylight: street lights present,Fine without high winds,Bus or coach (17 or more passenger seats),Vehicle or pillion passenger,Serious,Male,87,,,,,,,,,,,,,,,,,,,,,,,,,,,,,,
69U1356,415318,422960,2,43738,1645,Unclassified,Wet / Damp,Daylight: street lights present,Raining without high winds,Pedal cycle,Driver or rider,Slight,Male,14,Goods vehicle 3.5 tonnes mgw and under,not known,not known,not known,not known,,,,,,,,,,,,,,,,,,,,,,,,,
69U1582,411449,419616,1,43738,1805,Motorway,Wet / Damp,Darkness: street lights present and lit,Raining without high winds,Goods vehicle 3.5 tonnes mgw and under,Driver or rider,Slight,Male,20,,,,,,,,,,,,,,,,,,,,,,,,,,,,,,
6A20200,414766,423030,2,43740,711,A,Dry,Darkness: street lights present and lit,Fine without high winds,Car,Driver or rider,Serious,Male,57,Motorcycle over 500cc,not known,not known,not known,not known,,,,,,,,,,,,,,,,,,,,,,,,,
6A51727,414741,424645,1,43743,2015,A,Wet / Damp,Darkness: street lights present and lit,Raining without high winds,Car,Pedestrian,Slight,Male,20,,,,,,,,,,,,,,,,,,,,,,,,,,,,,,
6A80310,415742,424286,1,43746,803,Unclassified,Dry,Daylight: street lights present,Fine without high winds,Car,Driver or rider,Slight,Female,65,,,,,,,,,,,,,,,,,,,,,,,,,,,,,,
6A90196,411114,421274,2,43747,559,Unclassified,Wet / Damp,Darkness: street lights present and lit,Raining without high winds,Car,Driver or rider,Serious,Male,38,Pedal cycle,not known,not known,not known,not known,,,,,,,,,,,,,,,,,,,,,,,,,
6AC0083,411196,423691,2,43750,40,Unclassified,Dry,Darkness: street lights present and lit,Fine without high winds,Car,Driver or rider,Slight,Male,20,Car,Vehicle or pillion passenger,Slight,Male,21,,,,,,,,,,,,,,,,,,,,,,,,,
6AC0261,411150,419381,2,43750,130,A,Dry,Darkness: street lights present and lit,Fine without high winds,Goods vehicle over 3.5 tonnes and under 7.5 tonnes mgw,Driver or rider,Slight,Female,23,Car,not known,not known,not known,not known,,,,,,,,,,,,,,,,,,,,,,,,,
6AC1492,413938,423452,2,43750,1817,Unclassified,Wet / Damp,Darkness: street lights present and lit,Raining without high winds,Car,Driver or rider,Slight,Male,77,Goods vehicle 3.5 tonnes mgw and under,not known,not known,not known,not known,,,,,,,,,,,,,,,,,,,,,,,,,
6AF0279,411000,419618,1,43753,818,A,Wet / Damp,Daylight: street lights present,Fine without high winds,Car,Driver or rider,Slight,Male,37,,,,,,,,,,,,,,,,,,,,,,,,,,,,,,
6AJ0363,407258,419322,1,43757,705,Unclassified,Dry,Daylight: street lights present,Fine without high winds,Car,Driver or rider,Serious,Male,22,,,,,,,,,,,,,,,,,,,,,,,,,,,,,,
6AJ1651,407597,424854,2,43757,2003,Unclassified,Dry,Darkness: street lights present and lit,Fine without high winds,Car,Vehicle or pillion passenger,Slight,Female,3,Car,Vehicle or pillion passenger,Slight,Female,63,,,,,,,,,,,,,,,,,,,,,,,,,
6AN1248,406900,422209,2,43763,1640,Unclassified,Dry,Daylight: street lights present,Fine without high winds,Motorcycle over 50cc and up to 125cc,Driver or rider,Slight,Male,20,Car,not known,not known,not known,not known,,,,,,,,,,,,,,,,,,,,,,,,,
6AP1521,417026,422855,4,43763,1915,Motorway,Wet / Damp,Darkness: street lights present and lit,Raining without high winds,Car,Driver or rider,Slight,Female,44,Car,Driver or rider,Slight,Male,37,Car,not known,not known,not known,not known,Car,not known,not known,not known,not known,,,,,,,,,,,,,,,
6B21249,393505,424579,2,43771,1641,A,Wet / Damp,Darkness: street lights present and lit,Fine without high winds,Car,Driver or rider,Slight,Female,32,Car,Vehicle or pillion passenger,Slight,Female,40,,Driver or rider,Slight,Male,31,,,,,,,,,,,,,,,,,,,,
6B30010,409578,424727,2,43772,7,Unclassified,Dry,Darkness: street lights present and lit,Fine without high winds,Car,Vehicle or pillion passenger,Slight,Female,30,Taxi/Private hire car,Vehicle or pillion passenger,Slight,Male,40,,,,,,,,,,,,,,,,,,,,,,,,,
6B61367,410887,421171,1,43775,1610,B,Wet / Damp,Darkness: street lights present and lit,Raining without high winds,Car,Pedestrian,Slight,Female,50,,,,,,,,,,,,,,,,,,,,,,,,,,,,,,
6B61634,409310,425345,1,43775,1805,Unclassified,Wet / Damp,Darkness: street lights present and lit,Fine without high winds,Taxi/Private hire car,Pedestrian,Slight,Male,66,,,,,,,,,,,,,,,,,,,,,,,,,,,,,,
6B70658,416764,423979,2,43776,1203,Unclassified,Wet / Damp,Daylight: street lights present,Raining without high winds,Car,Driver or rider,Slight,Male,22,Car,not known,not known,not known,not known,,,,,,,,,,,,,,,,,,,,,,,,,
6B81191,409775,423050,3,43777,1602,A,Wet / Damp,Daylight: street lights present,Fine without high winds,Car,Driver or rider,Slight,Male,63,Car,not known,not known,not known,not known,Bus or coach (17 or more passenger seats),not known,not known,not known,not known,,,,,,,,,,,,,,,,,,,,
6BC1252,412108,425461,2,43781,1655,Unclassified,Dry,Darkness: street lights present and lit,Fine without high winds,Taxi/Private hire car,Driver or rider,Slight,Male,18,Motorcycle over 50cc and up to 125cc,not known,not known,not known,not known,,,,,,,,,,,,,,,,,,,,,,,,,
6BD1649,409583,421144,2,43782,1923,B,Dry,Darkness: street lights present and lit,Fine without high winds,Car,Vehicle or pillion passenger,Slight,Female,14,Car,Driver or rider,Slight,Female,65,,,,,,,,,,,,,,,,,,,,,,,,,
6BE1007,406137,428392,1,43783,1451,Unclassified,Wet / Damp,Daylight: street lights present,Fine without high winds,Taxi/Private hire car,Pedestrian,Slight,Male,14,,Vehicle or pillion passenger,Slight,Male,15,,,,,,,,,,,,,,,,,,,,,,,,,
6BF1283,407769,425136,1,43784,1639,Unclassified,Wet / Damp,Darkness: street lights present and lit,Raining without high winds,Car,Pedestrian,Slight,Male,13,,,,,,,,,,,,,,,,,,,,,,,,,,,,,,
6BF1898,414704,424354,1,43784,2121,Unclassified,Dry,Darkness: street lights present but unlit,Fine without high winds,Car,Pedestrian,Serious,Male,31,,,,,,,,,,,,,,,,,,,,,,,,,,,,,,
6BG0869,416321,422076,2,43785,1325,Motorway,Wet / Damp,Daylight: street lights present,Fine without high winds,Car,Driver or rider,Slight,Male,27,Car,Vehicle or pillion passenger,Slight,Female,27,,,,,,,,,,,,,,,,,,,,,,,,,
6BI1037,409734,425742,2,43794,1520,A,Dry,Daylight: street lights present,Fine without high winds,Car,Driver or rider,Slight,Female,29,Car,not known,not known,not known,not known,,,,,,,,,,,,,,,,,,,,,,,,,
6BJ0288,415311,422555,3,43788,837,Unclassified,Dry,Daylight: street lights present,Fine without high winds,Car,Driver or rider,Slight,Female,53,Car,Driver or rider,Slight,Male,48,Goods vehicle 3.5 tonnes mgw and under,not known,not known,not known,not known,,,,,,,,,,,,,,,,,,,,
6BL1641,410524,421138,2,43790,1845,B,Dry,Daylight: street lights present,Fine without high winds,Car,Driver or rider,Slight,Female,30,Car,not known,not known,not known,not known,,,,,,,,,,,,,,,,,,,,,,,,,
6BM0496,400334,415219,1,43791,1021,Motorway,Wet / Damp,Daylight: street lights present,Raining without high winds,Motorcycle over 500cc,Driver or rider,Slight,Male,60,,,,,,,,,,,,,,,,,,,,,,,,,,,,,,
6BM1815,414814,425437,4,43791,2100,A,Wet / Damp,Darkness: street lights present and lit,Fine without high winds,Car,Driver or rider,Slight,Male,31,Car,Vehicle or pillion passenger,Slight,Female,24,Car,Vehicle or pillion passenger,Slight,Male,26,Car,Vehicle or pillion passenger,Slight,Female,21,,,,,,,,,,,,,,,
6BN1262,414479,422732,2,43792,1652,A,Wet / Damp,Darkness: street lights present and lit,Fine without high winds,Car,Pedestrian,Slight,Male,52,Pedal cycle,not known,not known,not known,not known,,,,,,,,,,,,,,,,,,,,,,,,,
6BN1845,417057,422949,1,43792,2158,Motorway,Flood (surface water over 3cm deep),Darkness: street lights present and lit,Raining without high winds,Car,Vehicle or pillion passenger,Slight,Female,6,,,,,,,,,,,,,,,,,,,,,,,,,,,,,,
6BO0271,409176,424999,1,43793,313,A,Wet / Damp,Darkness: street lights present and lit,Raining without high winds,Taxi/Private hire car,Pedestrian,Slight,Male,26,,,,,,,,,,,,,,,,,,,,,,,,,,,,,,
6BP0216,416325,422080,4,43794,638,Motorway,Wet / Damp,Darkness: street lights present and lit,Raining without high winds,Car,Driver or rider,Slight,Male,29,Car,not known,not known,not known,not known,Goods vehicle 3.5 tonnes mgw and under,not known,not known,not known,not known,Goods vehicle 3.5 tonnes mgw and under,not known,not known,not known,not known,,,,,,,,,,,,,,,
6BS1464,410574,420791,1,43797,1844,Unclassified,Dry,Darkness: street lights present and lit,Fine without high winds,Car,Pedestrian,Slight,Male,50,,,,,,,,,,,,,,,,,,,,,,,,,,,,,,
6BT2243,393226,423387,1,43798,2243,A,Wet / Damp,Darkness: street lights present and lit,Fine without high winds,Car,Pedestrian,Serious,Male,78,,,,,,,,,,,,,,,,,,,,,,,,,,,,,,
6BU0667,409451,423526,2,43799,1111,A,Dry,Daylight: street lights present,Fine without high winds,Car,Driver or rider,Slight,Female,61,Car,not known,not known,not known,not known,,,,,,,,,,,,,,,,,,,,,,,,,
6BU1580,404352,421339,2,43799,1940,A,Wet / Damp,Darkness: street lights present and lit,Fine without high winds,Car,Driver or rider,Serious,Male,36,Car,Driver or rider,Slight,Male,63,,,,,,,,,,,,,,,,,,,,,,,,,
6C10914,406737,425561,1,43800,1350,Unclassified,Dry,Daylight: street lights present,Fine without high winds,Car,Pedestrian,Serious,Male,5,,,,,,,,,,,,,,,,,,,,,,,,,,,,,,
6C41606,412047,425188,1,43803,1800,Unclassified,Dry,Darkness: no street lighting,Fine without high winds,Car,Pedestrian,Slight,Female,55,,,,,,,,,,,,,,,,,,,,,,,,,,,,,,
6C51902,414860,425161,2,43804,2200,A,Dry,Darkness: street lights present and lit,Fine without high winds,Car,Vehicle or pillion passenger,Slight,Female,21,Car,not known,not known,not known,not known,,,,,,,,,,,,,,,,,,,,,,,,,
6C60890,409439,425052,1,43805,1351,Unclassified,Wet / Damp,Daylight: street lights present,Fine without high winds,Goods vehicle 3.5 tonnes mgw and under,Pedestrian,Slight,Male,49,,,,,,,,,,,,,,,,,,,,,,,,,,,,,,
6C62096,409798,423183,2,43805,2312,A,Wet / Damp,Darkness: street lights present and lit,Fine without high winds,Car,Vehicle or pillion passenger,Serious,Male,24,Car,Driver or rider,Slight,Male,20,,Driver or rider,Slight,Female,61,,,,,,,,,,,,,,,,,,,,
6C70250,409146,425207,1,43806,220,Unclassified,Dry,Darkness: street lights present and lit,Fine without high winds,Car,Pedestrian,Slight,Male,37,,,,,,,,,,,,,,,,,,,,,,,,,,,,,,
6C70890,409231,425278,1,43806,1329,Unclassified,Dry,Daylight: street lights present,Fine without high winds,Taxi/Private hire car,Pedestrian,Slight,Female,43,,,,,,,,,,,,,,,,,,,,,,,,,,,,,,
6C80680,411414,426787,6,43807,1030,A,Dry,Daylight: street lights present,Fine without high winds,Car,Driver or rider,Slight,Male,22,Car,not known,not known,not known,not known,Car,not known,not known,not known,not known,Goods vehicle 3.5 tonnes mgw and under,not known,not known,not known,not known,Car,not known,not known,not known,not known,Car,not known,not known,not known,not known,,,,,
6C91159,404351,421336,2,43808,1630,A,Wet / Damp,Darkness: street lights present and lit,Fine without high winds,Car,Driver or rider,Serious,Female,83,Taxi/Private hire car,not known,not known,not known,not known,,,,,,,,,,,,,,,,,,,,,,,,,
6CA1524,408156,427314,2,43810,1812,A,Wet / Damp,Darkness: street lights present and lit,Raining with high winds,Car,Vehicle or pillion passenger,Slight,Male,16,Car,not known,not known,not known,not known,,,,,,,,,,,,,,,,,,,,,,,,,
6CB1101,409811,425175,2,43810,1528,Unclassified,Wet / Damp,Darkness: street lights present and lit,Fine without high winds,Car,Driver or rider,Slight,Male,51,Pedal cycle,not known,not known,not known,not known,,,,,,,,,,,,,,,,,,,,,,,,,
6CC0282,408636,424020,1,43811,730,Unclassified,Wet / Damp,Darkness: street lights present and lit,Fine without high winds,Car,Pedestrian,Slight,Female,45,,,,,,,,,,,,,,,,,,,,,,,,,,,,,,
6CC1259,409539,425403,1,43811,1713,Unclassified,Snow,Darkness: street lights present and lit,Raining without high winds,Car,Pedestrian,Slight,Female,25,,,,,,,,,,,,,,,,,,,,,,,,,,,,,,
6CG0378,407521,418226,2,43815,858,Unclassified,Wet / Damp,Daylight: street lights present,Fine without high winds,Goods vehicle 3.5 tonnes mgw and under,Driver or rider,Slight,Male,26,Car,not known,not known,not known,not known,,,,,,,,,,,,,,,,,,,,,,,,,
6CG1430,409445,424782,2,43815,1737,Unclassified,Dry,Darkness: street lights present and lit,Fine without high winds,Taxi/Private hire car,Vehicle or pillion passenger,Slight,Female,38,Car,not known,not known,not known,not known,,,,,,,,,,,,,,,,,,,,,,,,,
6CH0293,416786,422488,2,43816,805,Motorway,Dry,Daylight: street lights present,Fine without high winds,Car,Driver or rider,Serious,Male,29,Goods vehicle 7.5 tonnes mgw and over,not known,not known,not known,not known,,,,,,,,,,,,,,,,,,,,,,,,,
6CH1278,409089,425369,2,43817,1600,Unclassified,Wet / Damp,Darkness: street lights present and lit,Fine without high winds,Car,Driver or rider,Slight,Male,47,Pedal cycle,not known,not known,not known,not known,,,,,,,,,,,,,,,,,,,,,,,,,
6CI1555,407591,425223,1,43817,1645,Unclassified,Wet / Damp,Darkness: street lights present and lit,Fine without high winds,Car,Pedestrian,Serious,Female,15,,,,,,,,,,,,,,,,,,,,,,,,,,,,,,
6CJ0277,398516,427331,1,43818,733,Unclassified,Wet / Damp,Darkness: street lights present and lit,Fine without high winds,Car,Pedestrian,Serious,Female,11,,,,,,,,,,,,,,,,,,,,,,,,,,,,,,
6CN1273,390917,423822,2,43822,1718,A,Wet / Damp,Darkness: street lights present and lit,Fine without high winds,Goods vehicle 3.5 tonnes mgw and under,Driver or rider,Slight,Male,28,Goods vehicle 3.5 tonnes mgw and under,not known,not known,not known,not known,,,,,,,,,,,,,,,,,,,,,,,,,
6CS0418,406993,423677,2,43827,916,Unclassified,Dry,Daylight: street lights present,Fine without high winds,Car,Driver or rider,Serious,Male,74,Pedal cycle,not known,not known,not known,not known,,,,,,,,,,,,,,,,,,,,,,,,,
6CS1526,414057,424466,2,43827,1957,Unclassified,Dry,Daylight: street lights present,Fine without high winds,Pedal cycle,Driver or rider,Serious,Male,13,Pedal cycle,not known,not known,not known,not known,,,,,,,,,,,,,,,,,,,,,,,,,
